,Low Risk,Medium-Low Risk,Medium-High Risk,High Risk
Low Risk,0.897927361923913,0.087490832636646,0.008749083263664604,0.0058327221757764015
Medium-Low Risk,0.05765399122343382,0.8366470248669375,0.09608998537238975,0.009608998537238974
Medium-High Risk,0.007303985340757739,0.08764782408909286,0.7589684837549946,0.14607970681515475
High Risk,0.009801002904673416,0.014701504357010122,0.1764180522841214,0.7990794404541951
