tier_name,allocation_pct,annual_increases,expected_profit,expected_defaults
Low Risk,40.0,70447,2551174.019327695,1667.1019219427694
Medium-Low Risk,40.0,70447,2435133.9707858157,2392.3522253295146
Medium-High Risk,10.0,17611,574951.268225795,809.5394592739972
High Risk,10.0,17611,545381.4162735357,994.3510339756183
