risk_tier,total_customers,eligible_customers,uptake_probability,expected_demand,avg_default_prob,profit_per_increase,expected_monthly_profit
Low Risk,6313,5254,0.4725,2482.515,0.295804643970541,28.167814241178355,69927.02137093888
Medium-Low Risk,8727,7305,0.5775000000000001,4218.637500000001,0.4244904819262889,23.020380722948445,97114.64138210744
Medium-High Risk,8613,7207,0.6825000000000001,4918.777500000001,0.5745672256237007,17.017310975051974,83704.36633458873
High Risk,6347,5302,0.735,3896.97,0.7057364632970401,11.770541468118395,45869.44698501334
